x_m,y_m,s_m,width_m
2.23200,2.40850,0.00000,0.1200
2.25219,2.40850,0.02019,0.1200
2.27239,2.40850,0.04039,0.1200
2.29258,2.40850,0.06058,0.1200
2.31277,2.40850,0.08077,0.1200
2.33296,2.40850,0.10096,0.1200
2.35316,2.40850,0.12116,0.1200
2.37335,2.40850,0.14135,0.1200
2.39354,2.40850,0.16154,0.1200
2.41374,2.40850,0.18174,0.1200
2.43393,2.40850,0.20193,0.1200
2.45412,2.40850,0.22212,0.1200
2.47432,2.40850,0.24232,0.1200
2.49451,2.40850,0.26251,0.1200
2.51470,2.40850,0.28270,0.1200
2.53489,2.40850,0.30289,0.1200
2.55509,2.40850,0.32309,0.1200
2.57528,2.40850,0.34328,0.1200
2.59547,2.40850,0.36347,0.1200
2.61567,2.40850,0.38367,0.1200
2.63586,2.40850,0.40386,0.1200
2.65605,2.40850,0.42405,0.1200
2.67625,2.40850,0.44425,0.1200
2.69644,2.40850,0.46444,0.1200
2.71663,2.40850,0.48463,0.1200
2.73682,2.40850,0.50482,0.1200
2.75702,2.40850,0.52502,0.1200
2.77721,2.40850,0.54521,0.1200
2.79740,2.40850,0.56540,0.1200
2.81760,2.40850,0.58560,0.1200
2.83779,2.40850,0.60579,0.1200
2.85798,2.40850,0.62598,0.1200
2.87818,2.40850,0.64618,0.1200
2.89837,2.40850,0.66637,0.1200
2.91856,2.40850,0.68656,0.1200
2.93875,2.40850,0.70675,0.1200
2.95895,2.40850,0.72695,0.1200
2.97914,2.40850,0.74714,0.1200
2.99933,2.40850,0.76733,0.1200
3.01953,2.40850,0.78753,0.1200
3.03972,2.40850,0.80772,0.1200
3.05991,2.40850,0.82791,0.1200
3.08011,2.40850,0.84811,0.1200
3.10030,2.40850,0.86830,0.1200
3.12049,2.40850,0.88849,0.1200
3.14068,2.40850,0.90868,0.1200
3.16088,2.40850,0.92888,0.1200
3.18107,2.40850,0.94907,0.1200
3.20126,2.40830,0.96926,0.1200
3.22145,2.40790,0.98946,0.1200
3.24164,2.40751,1.00965,0.1200
3.26183,2.40750,1.02984,0.1200
3.28203,2.40750,1.05003,0.1200
3.30222,2.40750,1.07023,0.1200
3.32241,2.40750,1.09042,0.1200
3.34261,2.40750,1.11061,0.1200
3.36280,2.40750,1.13081,0.1200
3.38299,2.40750,1.15100,0.1200
3.40318,2.40750,1.17119,0.1200
3.42338,2.40750,1.19139,0.1200
3.44357,2.40750,1.21158,0.1200
3.46376,2.40750,1.23177,0.1200
3.48396,2.40750,1.25196,0.1200
3.50415,2.40750,1.27216,0.1200
3.52434,2.40750,1.29235,0.1200
3.54454,2.40750,1.31254,0.1200
3.56473,2.40750,1.33274,0.1200
3.58492,2.40750,1.35293,0.1200
3.60511,2.40750,1.37312,0.1200
3.62531,2.40750,1.39332,0.1200
3.64550,2.40750,1.41351,0.1200
3.66569,2.40750,1.43370,0.1200
3.68589,2.40750,1.45389,0.1200
3.70608,2.40750,1.47409,0.1200
3.72627,2.40750,1.49428,0.1200
3.74646,2.40750,1.51447,0.1200
3.76666,2.40750,1.53467,0.1200
3.78685,2.40750,1.55486,0.1200
3.80704,2.40750,1.57505,0.1200
3.82724,2.40750,1.59525,0.1200
3.84743,2.40750,1.61544,0.1200
3.86762,2.40750,1.63563,0.1200
3.88782,2.40750,1.65582,0.1200
3.90801,2.40750,1.67602,0.1200
3.92820,2.40750,1.69621,0.1200
3.94839,2.40750,1.71640,0.1200
3.96859,2.40750,1.73660,0.1200
3.98878,2.40750,1.75679,0.1200
4.00897,2.40750,1.77698,0.1200
4.02917,2.40750,1.79718,0.1200
4.04936,2.40750,1.81737,0.1200
4.06955,2.40750,1.83756,0.1200
4.08975,2.40750,1.85775,0.1200
4.10994,2.40750,1.87795,0.1200
4.13013,2.40750,1.89814,0.1200
4.15032,2.40750,1.91833,0.1200
4.17052,2.40750,1.93853,0.1200
4.19071,2.40750,1.95872,0.1200
4.21090,2.40750,1.97891,0.1200
4.23110,2.40750,1.99911,0.1200
4.25129,2.40749,2.01930,0.1200
4.27148,2.40710,2.03949,0.1200
4.29167,2.40670,2.05968,0.1200
4.31186,2.40650,2.07988,0.1200
4.33205,2.40650,2.10007,0.1200
4.35225,2.40650,2.12026,0.1200
4.37244,2.40650,2.14046,0.1200
4.39263,2.40650,2.16065,0.1200
4.41282,2.40650,2.18084,0.1200
4.43302,2.40650,2.20103,0.1200
4.45321,2.40650,2.22123,0.1200
4.47340,2.40650,2.24142,0.1200
4.49360,2.40650,2.26161,0.1200
4.51379,2.40650,2.28181,0.1200
4.53398,2.40650,2.30200,0.1200
4.55418,2.40650,2.32219,0.1200
4.57437,2.40650,2.34239,0.1200
4.59456,2.40650,2.36258,0.1200
4.61475,2.40650,2.38277,0.1200
4.63495,2.40650,2.40296,0.1200
4.65514,2.40650,2.42316,0.1200
4.67533,2.40650,2.44335,0.1200
4.69553,2.40650,2.46354,0.1200
4.71572,2.40650,2.48374,0.1200
4.73591,2.40650,2.50393,0.1200
4.75611,2.40650,2.52412,0.1200
4.77630,2.40650,2.54432,0.1200
4.79649,2.40650,2.56451,0.1200
4.81668,2.40650,2.58470,0.1200
4.83688,2.40650,2.60489,0.1200
4.85707,2.40650,2.62509,0.1200
4.87726,2.40650,2.64528,0.1200
4.89746,2.40650,2.66547,0.1200
4.91765,2.40650,2.68567,0.1200
4.93784,2.40650,2.70586,0.1200
4.95804,2.40650,2.72605,0.1200
4.97823,2.40650,2.74625,0.1200
4.99842,2.40650,2.76644,0.1200
5.01861,2.40650,2.78663,0.1200
5.03881,2.40650,2.80682,0.1200
5.05900,2.40650,2.82702,0.1200
