x_m,y_m,s_m
10.14100,6.46626,0.00000
10.14092,6.48720,0.02000
10.14084,6.50711,0.04000
10.14078,6.52693,0.05999
10.14074,6.54684,0.07999
10.14070,6.56701,0.09999
10.14062,6.58719,0.11999
10.14054,6.60710,0.13998
10.14048,6.62692,0.15998
10.14044,6.64683,0.17998
10.14040,6.66700,0.19998
10.14032,6.68717,0.21998
10.14024,6.70709,0.23997
10.14018,6.72691,0.25997
10.14014,6.74682,0.27997
10.14010,6.76699,0.29997
10.14002,6.78716,0.31996
10.13994,6.80707,0.33996
10.13988,6.82690,0.35996
10.13984,6.84681,0.37996
10.13980,6.86698,0.39996
10.13972,6.88715,0.41995
10.13964,6.90706,0.43995
10.13958,6.92689,0.45995
10.13954,6.94680,0.47995
10.13950,6.96697,0.49995
10.13942,6.98714,0.51994
10.13934,7.00705,0.53994
10.13928,7.02687,0.55994
10.13924,7.04678,0.57994
10.13920,7.06696,0.59993
10.13912,7.08713,0.61993
10.13904,7.10713,0.63993
10.13896,7.12712,0.65993
10.13888,7.14712,0.67993
10.13880,7.16695,0.69992
10.13876,7.18677,0.71992
10.13872,7.20685,0.73992
10.13866,7.22702,0.75992
10.13858,7.24711,0.77991
10.13850,7.26693,0.79991
10.13846,7.28676,0.81991
10.13842,7.30684,0.83991
10.13836,7.32701,0.85991
10.13828,7.34710,0.87990
10.13820,7.36692,0.89990
10.13816,7.38675,0.91990
10.13812,7.40683,0.93990
10.13806,7.42700,0.95989
10.13798,7.44709,0.97989
10.13790,7.46691,0.99989
10.13786,7.48673,1.01989
10.13782,7.50682,1.03989
10.13776,7.52699,1.05988
10.13768,7.54708,1.07988
10.13760,7.56690,1.09988
10.13756,7.58672,1.11988
10.13752,7.60681,1.13988
10.13746,7.62698,1.15987
10.13738,7.64706,1.17987
10.13730,7.66689,1.19987
10.13726,7.68671,1.21987
10.13722,7.70679,1.23986
10.13716,7.72697,1.25986
10.13708,7.74705,1.27986
10.13700,7.76705,1.29986
10.13692,7.78705,1.31986
10.13684,7.80696,1.33985
10.13678,7.82678,1.35985
10.13674,7.84669,1.37985
10.13670,7.86686,1.39985
10.13662,7.88704,1.41984
10.13654,7.90695,1.43984
10.13648,7.92677,1.45984
10.13644,7.94668,1.47984
10.13640,7.96685,1.49984
10.13632,7.98702,1.51983
10.13624,8.00694,1.53983
10.13618,8.02676,1.55983
10.13614,8.04667,1.57983
10.13610,8.06684,1.59982
10.13602,8.08701,1.61982
10.13594,8.10693,1.63982
10.13588,8.12675,1.65982
10.13584,8.14666,1.67982
10.13580,8.16683,1.69981
10.13572,8.18700,1.71981
10.13564,8.20691,1.73981
10.13558,8.22674,1.75981
10.13554,8.24665,1.77981
10.13550,8.26682,1.79980
10.13542,8.28699,1.81980
10.13534,8.30699,1.83980
10.13526,8.32699,1.85980
10.13518,8.34698,1.87979
10.13510,8.36681,1.89979
10.13506,8.38663,1.91979
10.13502,8.40671,1.93979
10.13496,8.42689,1.95979
10.13488,8.44697,1.97978
10.13480,8.46680,1.99978
10.13476,8.48662,2.01978
10.13472,8.50670,2.03978
10.13466,8.52687,2.05977
10.13458,8.54696,2.07977
10.13450,8.56679,2.09977
10.13446,8.58661,2.11977
10.13442,8.60669,2.13977
10.13436,8.62686,2.15976
10.13428,8.64695,2.17976
10.13420,8.66677,2.19976
10.13416,8.68660,2.21976
10.13412,8.70668,2.23975
10.13406,8.72685,2.25975
10.13398,8.74694,2.27975
10.13390,8.76676,2.29975
10.13386,8.78659,2.31975
10.13382,8.80667,2.33974
10.13376,8.82684,2.35974
10.13368,8.84693,2.37974
10.13360,8.86675,2.39974
10.13356,8.88658,2.41974
10.13352,8.90666,2.43973
10.13346,8.92683,2.45973
10.13338,8.94692,2.47973
10.13330,8.96691,2.49973
10.13322,8.98691,2.51972
10.13314,9.00682,2.53972
10.13308,9.02665,2.55972
10.13304,9.04655,2.57972
10.13300,9.06672,2.59972
10.13292,9.08690,2.61971
10.13284,9.10681,2.63971
10.13278,9.12664,2.65971
10.13274,9.14654,2.67971
10.13270,9.16671,2.69970
10.13262,9.18689,2.71970
10.13254,9.20680,2.73970
10.13248,9.22662,2.75970
10.13244,9.24653,2.77970
10.13240,9.26670,2.79969
10.13232,9.28687,2.81969
10.13224,9.30679,2.83969
10.13218,9.32661,2.85969
10.13214,9.34652,2.87968
10.13210,9.36669,2.89968
10.13202,9.38686,2.91968
10.13194,9.40678,2.93968
10.13188,9.42660,2.95968
10.13184,9.44651,2.97967
10.13180,9.46668,2.99967
10.13172,9.48685,3.01967
10.13164,9.50677,3.03967
10.13158,9.52659,3.05966
10.13154,9.54650,3.07966
10.13150,9.56667,3.09966
10.13142,9.58684,3.11966
10.13134,9.60684,3.13966
10.13126,9.62684,3.15965
10.13118,9.64684,3.17965
10.13110,9.66666,3.19965
10.13106,9.68648,3.21965
10.13102,9.70656,3.23965
10.13096,9.72674,3.25964
10.13088,9.74682,3.27964
10.13080,9.76665,3.29964
10.13076,9.78647,3.31964
10.13072,9.80655,3.33963
10.13066,9.82672,3.35963
10.13058,9.84681,3.37963
10.13050,9.86664,3.39963
10.13046,9.88646,3.41963
10.13042,9.90654,3.43962
10.13036,9.92671,3.45962
10.13028,9.94680,3.47962
10.13020,9.96663,3.49962
10.13016,9.98645,3.51961
10.13012,10.00653,3.53961
10.13006,10.02670,3.55961
10.12998,10.04679,3.57961
10.12990,10.06662,3.59961
10.12986,10.08644,3.61960
10.12982,10.10652,3.63960
10.12976,10.12669,3.65960
10.12968,10.14678,3.67960
10.12960,10.16660,3.69959
10.12956,10.18643,3.71959
10.12952,10.20651,3.73959
10.12946,10.22668,3.75959
10.12938,10.24677,3.77959
10.12930,10.26676,3.79958
10.12922,10.28676,3.81958
10.12914,10.30668,3.83958
10.12908,10.32650,3.85958
10.12904,10.34641,3.87958
10.12900,10.36657,3.89957
10.12892,10.38675,3.91957
10.12884,10.40666,3.93957
10.12878,10.42649,3.95957
10.12874,10.44639,3.97956
10.12870,10.46656,3.99956
10.12862,10.48674,4.01956
10.12854,10.50665,4.03956
10.12848,10.52648,4.05956
10.12844,10.54638,4.07955
10.12840,10.56655,4.09955
10.12832,10.58672,4.11955
10.12824,10.60664,4.13955
10.12818,10.62646,4.15954
10.12814,10.64637,4.17954
10.12810,10.66654,4.19954
10.12802,10.68671,4.21954
10.12794,10.70663,4.23954
10.12788,10.72645,4.25953
10.12784,10.74636,4.27953
10.12780,10.76653,4.29953
10.12772,10.78670,4.31953
10.12764,10.80662,4.33952
10.12758,10.82644,4.35952
10.12754,10.84635,4.37952
10.12750,10.86652,4.39952
10.12742,10.88669,4.41952
10.12734,10.90669,4.43951
10.12726,10.92669,4.45951
10.12718,10.94669,4.47951
10.12710,10.96651,4.49951
10.12706,10.98634,4.51951
10.12702,11.00641,4.53950
10.12696,11.02659,4.55950
10.12688,11.04667,4.57950
10.12680,11.06650,4.59950
10.12676,11.08632,4.61949
10.12672,11.10640,4.63949
10.12666,11.12657,4.65949
10.12658,11.14666,4.67949
10.12650,11.16649,4.69949
10.12646,11.18631,4.71948
10.12642,11.20639,4.73948
10.12636,11.22656,4.75948
10.12628,11.24665,4.77948
10.12620,11.26648,4.79947
10.12616,11.28630,4.81947
10.12612,11.30638,4.83947
10.12606,11.32655,4.85947
10.12598,11.34664,4.87947
10.12590,11.36647,4.89946
10.12586,11.38629,4.91946
10.12582,11.40637,4.93946
10.12576,11.42654,4.95946
10.12568,11.44663,4.97945
10.12560,11.46663,4.99945
10.12552,11.48662,5.01945
10.12544,11.50654,5.03945
10.12538,11.52636,5.05945
10.12534,11.54627,5.07944
10.12530,11.56644,5.09944
10.12522,11.58661,5.11944
10.12514,11.60653,5.13944
10.12508,11.62635,5.15943
10.12504,11.64626,5.17943
10.12500,11.66642,5.19943
10.12492,11.68660,5.21943
10.12484,11.70652,5.23943
10.12478,11.72634,5.25942
10.12474,11.74624,5.27942
10.12470,11.76641,5.29942
10.12462,11.78658,5.31942
10.12454,11.80651,5.33942
10.12448,11.82633,5.35941
10.12444,11.84623,5.37941
10.12440,11.86606,5.39941
10.12440,11.88588,5.41941
10.12440,11.90571,5.43940
10.12444,11.92536,5.45940
10.12452,11.94517,5.47940
10.12460,11.96517,5.49940
10.12468,11.98517,5.51940
10.12476,12.00525,5.53939
10.12482,12.02542,5.55939
10.12486,12.04551,5.57939
10.12490,12.06602,5.59939
10.12482,12.08654,5.61938
10.12474,12.10688,5.63938
10.12458,12.12758,5.65938
10.12434,12.14795,5.67938
10.12407,12.16930,5.69938
10.12349,12.19070,5.71937
10.12290,12.21155,5.73937
10.12209,12.23328,5.75937
10.12109,12.25417,5.77937
10.12002,12.27618,5.79936
10.11846,12.29823,5.81936
10.11692,12.31947,5.83936
10.11497,12.34203,5.85935
10.11279,12.36333,5.87935
10.11041,12.38627,5.89935
10.10727,12.40922,5.91935
10.10428,12.43060,5.93935
10.10069,12.45348,5.95934
10.09693,12.47483,5.97934
10.09285,12.49778,5.99934
10.08794,12.52069,6.01933
10.08331,12.54198,6.03933
10.07787,12.56490,6.05932
10.07236,12.58610,6.07932
10.06644,12.60870,6.09932
10.05968,12.63120,6.11932
10.05339,12.65191,6.13932
10.04625,12.67404,6.15931
10.03918,12.69459,6.17931
10.03170,12.71623,6.19931
10.02352,12.73771,6.21930
10.01585,12.75770,6.23930
10.00736,12.77888,6.25930
9.99902,12.79871,6.27929
9.99031,12.81936,6.29929
9.98103,12.83986,6.31929
9.97249,12.85864,6.33929
9.96360,12.87786,6.35928
9.95481,12.89651,6.37928
9.94589,12.91543,6.39928
9.93677,12.93427,6.41928
9.92691,12.95459,6.43928
9.91514,12.97717,6.45926
9.90390,12.99714,6.47926
9.89287,13.01666,6.49926
9.88128,13.03597,6.51926
9.86980,13.05498,6.53925
9.85661,13.07570,6.55925
9.84405,13.09430,6.57924
9.83009,13.11483,6.59924
9.81501,13.13478,6.61924
9.80194,13.15189,6.63924
9.78777,13.16987,6.65923
9.77415,13.18655,6.67923
9.75663,13.20774,6.69923
9.73739,13.22779,6.71922
9.72179,13.24373,6.73922
9.70438,13.26072,6.75921
9.68803,13.27590,6.77921
9.66989,13.29261,6.79921
9.65084,13.30854,6.81920
9.63261,13.32360,6.83920
9.61077,13.34027,6.85918
9.59106,13.35399,6.87918
9.56997,13.36851,6.89918
9.54790,13.38191,6.91917
9.52841,13.39356,6.93917
9.50626,13.40598,6.95916
9.48593,13.41654,6.97916
9.46352,13.42806,6.99915
9.44035,13.43845,7.01915
9.41920,13.44777,7.03915
9.39484,13.45758,7.05913
9.37286,13.46550,7.07913
9.34890,13.47401,7.09913
9.32430,13.48124,7.11913
9.30276,13.48741,7.13912
9.27885,13.49364,7.15911
9.25690,13.49871,7.17911
9.23369,13.50400,7.19911
9.21015,13.50839,7.21911
9.18856,13.51233,7.23910
9.16496,13.51614,7.25910
9.14307,13.51915,7.27909
9.12043,13.52223,7.29909
9.09758,13.52463,7.31909
9.07604,13.52684,7.33909
9.05278,13.52881,7.35908
9.03103,13.53021,7.37908
9.00905,13.53161,7.39908
8.98697,13.53253,7.41908
8.96626,13.53335,7.43907
8.94488,13.53405,7.45907
8.92414,13.53455,7.47907
8.90330,13.53505,7.49907
8.88243,13.53535,7.51906
8.86240,13.53563,7.53906
8.84240,13.53591,7.55906
8.82241,13.53619,7.57906
8.80325,13.53646,7.59905
8.78413,13.53691,7.61905
8.76434,13.53739,7.63905
8.74469,13.53789,7.65905
8.72489,13.53845,7.67905
8.70306,13.53905,7.69904
8.68113,13.53921,7.71904
8.65945,13.53933,7.73904
8.63596,13.53904,7.75903
8.61408,13.53831,7.77903
8.59090,13.53749,7.79903
8.56762,13.53587,7.81903
8.54576,13.53428,7.83902
8.52202,13.53208,7.85902
8.50010,13.52953,7.87901
8.47703,13.52681,7.89901
8.45394,13.52328,7.91901
8.43235,13.51991,7.93901
8.40897,13.51579,7.95900
8.38738,13.51148,7.97900
8.36390,13.50674,7.99900
8.34047,13.50099,8.01899
8.31883,13.49558,8.03899
8.29507,13.48902,8.05898
8.27354,13.48243,8.07898
8.25065,13.47536,8.09898
8.22789,13.46728,8.11897
8.20714,13.45981,8.13897
8.18465,13.45117,8.15896
8.16411,13.44269,8.17896
8.14177,13.43340,8.19896
8.11968,13.42306,8.21896
8.09973,13.41360,8.23895
8.07814,13.40279,8.25895
8.05850,13.39234,8.27894
8.03684,13.38073,8.29894
8.01558,13.36801,8.31894
7.99625,13.35629,8.33894
7.97499,13.34260,8.35893
7.95616,13.32962,8.37892
7.93607,13.31567,8.39892
7.91649,13.30068,8.41892
7.89918,13.28729,8.43892
7.88070,13.27243,8.45891
7.86386,13.25825,8.47891
7.84560,13.24279,8.49890
7.82786,13.22649,8.51890
7.81101,13.21085,8.53890
7.79240,13.19244,8.55888
7.77640,13.17542,8.57888
7.76048,13.15838,8.59888
7.74507,13.14068,8.61888
7.73085,13.12424,8.63888
7.71583,13.10621,8.65887
7.70216,13.08911,8.67887
7.68677,13.06971,8.69886
7.67221,13.04938,8.71886
7.65953,13.03147,8.73886
7.64617,13.01180,8.75885
7.63420,12.99326,8.77885
7.62206,12.97443,8.79885
7.61036,12.95518,8.81885
7.59953,12.93728,8.83884
7.58842,12.91852,8.85884
7.57793,12.90035,8.87884
7.56635,12.88024,8.89884
7.55539,12.85961,8.91883
7.54524,12.84033,8.93883
7.53463,12.81925,8.95882
7.52518,12.79942,8.97882
7.51494,12.77778,8.99882
7.50551,12.75554,9.01882
7.49694,12.73503,9.03881
7.48802,12.71223,9.05881
7.48040,12.69110,9.07880
7.47224,12.66824,9.09880
7.46504,12.64484,9.11880
7.45859,12.62349,9.13880
7.45202,12.59972,9.15879
7.44663,12.57782,9.17878
7.44089,12.55421,9.19878
7.43617,12.53017,9.21878
7.43203,12.50850,9.23878
7.42801,12.48476,9.25877
7.42484,12.46276,9.27877
7.42154,12.43948,9.29876
7.41909,12.41591,9.31876
7.41694,12.39449,9.33876
7.41500,12.37158,9.35875
7.41356,12.35000,9.37875
7.41209,12.32754,9.39875
7.41123,12.30493,9.41875
7.41048,12.28387,9.43875
7.40992,12.26179,9.45874
7.40966,12.24064,9.47874
7.40941,12.21948,9.49874
7.40944,12.19826,9.51873
7.40948,12.17781,9.53873
7.40962,12.15693,9.55873
7.40986,12.13646,9.57873
7.41011,12.11596,9.59873
7.41047,12.09544,9.61872
7.41083,12.07542,9.63872
7.41119,12.05543,9.65872
7.41155,12.03543,9.67872
7.41190,12.01577,9.69871
7.41218,11.99613,9.71871
7.41246,11.97630,9.73871
7.41270,11.95666,9.75871
7.41290,11.93685,9.77871
7.41310,11.91719,9.79870
7.41322,11.89754,9.81870
7.41334,11.87764,9.83870
7.41344,11.85782,9.85870
7.41352,11.83792,9.87870
7.41360,11.81792,9.89869
7.41368,11.79792,9.91869
7.41376,11.77792,9.93869
7.41384,11.75793,9.95869
7.41392,11.73793,9.97868
7.41400,11.71793,9.99868
7.41408,11.69793,10.01868
7.41416,11.67794,10.03868
7.41424,11.65794,10.05868
7.41432,11.63794,10.07867
7.41440,11.61778,10.09867
7.41452,11.59760,10.11867
7.41464,11.57768,10.13867
7.41474,11.55785,10.15866
7.41482,11.53795,10.17866
7.41490,11.51795,10.19866
7.41498,11.49796,10.21866
7.41506,11.47796,10.23866
7.41514,11.45796,10.25865
7.41522,11.43796,10.27865
7.41530,11.41797,10.29865
7.41538,11.39797,10.31865
7.41546,11.37797,10.33864
7.41554,11.35797,10.35864
7.41562,11.33798,10.37864
7.41570,11.31781,10.39864
7.41582,11.29764,10.41864
7.41594,11.27771,10.43863
7.41604,11.25789,10.45863
7.41612,11.23799,10.47863
7.41620,11.21799,10.49863
7.41628,11.19799,10.51863
7.41636,11.17799,10.53862
7.41644,11.15800,10.55862
7.41652,11.13800,10.57862
7.41660,11.11800,10.59862
7.41668,11.09800,10.61861
7.41676,11.07801,10.63861
7.41684,11.05801,10.65861
7.41692,11.03801,10.67861
7.41700,11.01785,10.69861
7.41712,10.99768,10.71860
7.41724,10.97775,10.73860
7.41734,10.95792,10.75860
7.41742,10.93802,10.77860
7.41750,10.91803,10.79859
7.41758,10.89803,10.81859
7.41766,10.87803,10.83859
7.41774,10.85803,10.85859
7.41782,10.83804,10.87859
7.41790,10.81804,10.89858
7.41798,10.79804,10.91858
7.41806,10.77804,10.93858
7.41814,10.75804,10.95858
7.41822,10.73805,10.97857
7.41830,10.71788,10.99857
7.41842,10.69771,11.01857
7.41854,10.67778,11.03857
7.41864,10.65796,11.05857
7.41872,10.63806,11.07856
7.41880,10.61806,11.09856
7.41888,10.59806,11.11856
7.41896,10.57807,11.13856
7.41904,10.55807,11.15856
7.41912,10.53807,11.17855
7.41920,10.51807,11.19855
7.41928,10.49808,11.21855
7.41936,10.47808,11.23855
7.41944,10.45808,11.25854
7.41952,10.43808,11.27854
7.41960,10.41792,11.29854
7.41972,10.39775,11.31854
7.41984,10.37782,11.33854
7.41994,10.35799,11.35853
7.42002,10.33810,11.37853
7.42010,10.31810,11.39853
7.42018,10.29810,11.41853
7.42026,10.27810,11.43852
7.42034,10.25810,11.45852
7.42042,10.23811,11.47852
7.42050,10.21811,11.49852
7.42058,10.19811,11.51852
7.42066,10.17811,11.53851
7.42074,10.15812,11.55851
7.42082,10.13812,11.57851
7.42090,10.11812,11.59851
7.42098,10.09812,11.61850
7.42106,10.07805,11.63850
7.42116,10.05788,11.65850
7.42128,10.03778,11.67850
7.42139,10.01795,11.69850
7.42148,9.99812,11.71849
7.42156,9.97814,11.73849
7.42164,9.95814,11.75849
7.42172,9.93814,11.77849
7.42180,9.91814,11.79848
7.42188,9.89815,11.81848
7.42196,9.87815,11.83848
7.42204,9.85815,11.85848
7.42212,9.83815,11.87848
7.42220,9.81816,11.89847
7.42228,9.79816,11.91847
7.42236,9.77808,11.93847
7.42246,9.75791,11.95847
7.42258,9.73781,11.97847
7.42270,9.71798,11.99846
7.42278,9.69816,12.01846
7.42286,9.67817,12.03846
7.42294,9.65818,12.05846
7.42302,9.63818,12.07845
7.42310,9.61818,12.09845
7.42318,9.59818,12.11845
7.42326,9.57819,12.13845
7.42334,9.55819,12.15845
7.42342,9.53819,12.17844
7.42350,9.51819,12.19844
7.42358,9.49819,12.21844
7.42366,9.47812,12.23844
7.42376,9.45795,12.25843
7.42388,9.43785,12.27843
7.42400,9.41802,12.29843
7.42408,9.39820,12.31843
7.42416,9.37821,12.33843
7.42424,9.35821,12.35842
7.42432,9.33821,12.37842
7.42440,9.31822,12.39842
7.42448,9.29822,12.41842
7.42456,9.27822,12.43841
7.42464,9.25822,12.45841
7.42472,9.23823,12.47841
7.42480,9.21823,12.49841
7.42488,9.19823,12.51841
7.42496,9.17816,12.53840
7.42506,9.15798,12.55840
7.42518,9.13789,12.57840
7.42529,9.11805,12.59840
7.42538,9.09823,12.61840
7.42546,9.07824,12.63839
7.42554,9.05825,12.65839
7.42562,9.03825,12.67839
7.42570,9.01825,12.69839
7.42578,8.99825,12.71838
7.42586,8.97826,12.73838
7.42594,8.95826,12.75838
7.42602,8.93826,12.77838
7.42610,8.91826,12.79838
7.42618,8.89827,12.81837
7.42626,8.87819,12.83837
7.42635,8.85802,12.85837
7.42648,8.83792,12.87837
7.42659,8.81809,12.89836
7.42668,8.79827,12.91836
7.42676,8.77828,12.93836
7.42684,8.75828,12.95836
7.42692,8.73829,12.97836
7.42700,8.71829,12.99835
7.42708,8.69829,13.01835
7.42716,8.67829,13.03835
7.42724,8.65829,13.05835
7.42732,8.63830,13.07834
7.42740,8.61830,13.09834
7.42748,8.59830,13.11834
7.42756,8.57815,13.13834
7.42767,8.55780,13.15834
7.42784,8.53761,13.17833
7.42810,8.51287,13.19833
7.42959,8.48784,13.21833
7.43132,8.46268,13.23833
7.43518,8.43166,13.25828
7.44017,8.40576,13.27828
7.44416,8.38561,13.29828
7.44827,8.36544,13.31828
7.45273,8.34369,13.33827
7.45834,8.31937,13.35826
7.46415,8.29731,13.37826
7.46936,8.27764,13.39826
7.47465,8.25795,13.41826
7.48046,8.23641,13.43825
7.48769,8.21216,13.45824
7.49498,8.19033,13.47824
7.50151,8.17088,13.49824
7.50816,8.15143,13.51824
7.51542,8.13027,13.53823
7.52431,8.10646,13.55822
7.53310,8.08511,13.57822
7.54108,8.06582,13.59822
7.54927,8.04655,13.61822
7.55797,8.02618,13.63821
7.56826,8.00356,13.65820
7.57831,7.98313,13.67820
7.58794,7.96364,13.69820
7.59800,7.94421,13.71820
7.60802,7.92496,13.73820
7.61934,7.90415,13.75819
7.63034,7.88499,13.77819
7.64183,7.86507,13.79818
7.65406,7.84534,13.81818
7.66521,7.82751,13.83818
7.67698,7.80905,13.85818
7.68853,7.79143,13.87817
7.70200,7.77099,13.89817
7.71659,7.75094,13.91817
7.72902,7.73407,13.93817
7.74188,7.71688,13.95816
7.75452,7.70032,13.97816
7.76823,7.68239,13.99816
7.78255,7.66470,14.01816
7.79607,7.64810,14.03815
7.81074,7.63059,14.05815
7.82493,7.61428,14.07815
7.83905,7.59806,14.09814
7.85350,7.58200,14.11814
7.86749,7.56652,14.13814
7.88219,7.55051,14.15814
7.89656,7.53521,14.17813
7.91152,7.51932,14.19813
7.92689,7.50361,14.21813
7.94123,7.48902,14.23813
7.95583,7.47429,14.25812
7.97027,7.45984,14.27812
7.98473,7.44538,14.29812
7.99930,7.43096,14.31812
8.01370,7.41673,14.33812
8.02830,7.40236,14.35811
8.04280,7.38818,14.37811
8.05661,7.37468,14.39811
8.07028,7.36111,14.41811
8.08412,7.34735,14.43810
8.09753,7.33388,14.45810
8.11115,7.32002,14.47810
8.12421,7.30675,14.49810
8.13698,7.29335,14.51810
8.14991,7.27974,14.53809
8.16174,7.26697,14.55809
8.17409,7.25317,14.57809
8.18500,7.24105,14.59808
8.19514,7.22866,14.61808
8.20633,7.21497,14.63808
8.21572,7.20293,14.65807
8.22589,7.18896,14.67807
8.23478,7.17691,14.69807
8.24261,7.16464,14.71806
8.25167,7.15052,14.73806
8.25852,7.13902,14.75804
8.26616,7.12472,14.77804
8.27240,7.11341,14.79804
8.27720,7.10207,14.81803
8.28356,7.08732,14.83803
8.28793,7.07604,14.85801
8.29268,7.06131,14.87800
8.29655,7.05003,14.89800
8.29887,7.03899,14.91799
8.30217,7.02418,14.93799
8.30391,7.01415,14.95796
8.30531,6.99980,14.97796
8.30691,6.98540,14.99795
8.30740,6.97136,15.01795
8.30804,6.95384,15.03795
8.30825,6.93858,15.05794
8.30791,6.92129,15.07793
8.30764,6.90455,15.09793
8.30670,6.88808,15.11793
8.30569,6.87039,15.13793
8.30446,6.85519,15.15792
8.30250,6.83801,15.17791
8.30056,6.82058,15.19791
8.29811,6.80340,15.21791
8.29543,6.78470,15.23791
8.29271,6.76704,15.25790
8.28959,6.74852,15.27790
8.28685,6.73206,15.29790
8.28348,6.71598,15.31790
8.27959,6.69749,15.33789
8.27571,6.67987,15.35789
8.27140,6.66149,15.37789
8.26727,6.64381,15.39789
8.26279,6.62638,15.41788
8.25810,6.60819,15.43788
8.25352,6.59130,15.45788
8.24836,6.57347,15.47788
8.24334,6.55607,15.49787
8.23797,6.53894,15.51787
8.23216,6.52045,15.53787
8.22640,6.50246,15.55787
8.22036,6.48407,15.57786
8.21493,6.46749,15.59786
8.20906,6.45129,15.61786
8.20245,6.43310,15.63786
8.19587,6.41528,15.65785
8.18902,6.39711,15.67785
8.18262,6.38012,15.69785
8.17591,6.36340,15.71785
8.16873,6.34558,15.73784
8.16169,6.32846,15.75784
8.15423,6.31084,15.77784
8.14680,6.29328,15.79784
8.13922,6.27587,15.81784
8.13167,6.25859,15.83783
8.12448,6.24264,15.85783
8.11657,6.22587,15.87783
8.10842,6.20856,15.89782
8.10012,6.19141,15.91782
8.09175,6.17413,15.93782
8.08365,6.15775,15.95782
8.07503,6.14081,15.97781
8.06665,6.12434,15.99781
8.05804,6.10813,16.01781
8.04888,6.09095,16.03781
8.03984,6.07416,16.05781
8.03051,6.05709,16.07780
8.02193,6.04138,16.09780
8.01305,6.02605,16.11780
8.00340,6.00943,16.13780
7.99395,5.99342,16.15779
7.98405,5.97699,16.17779
7.97428,5.96079,16.19779
7.96436,5.94479,16.21779
7.95439,5.92873,16.23778
7.94492,5.91386,16.25778
7.93466,5.89832,16.27778
7.92445,5.88282,16.29778
7.91404,5.86759,16.31777
7.90345,5.85214,16.33777
7.89351,5.83802,16.35777
7.88262,5.82316,16.37776
7.87359,5.81071,16.39776
7.86406,5.79914,16.41776
7.85303,5.78573,16.43776
7.84344,5.77465,16.45774
7.83189,5.76230,16.47774
7.82212,5.75169,16.49774
7.81194,5.74219,16.51773
7.79980,5.73081,16.53773
7.78990,5.72213,16.55772
7.77732,5.71215,16.57771
7.76654,5.70342,16.59771
7.75550,5.69593,16.61770
7.74181,5.68659,16.63770
7.73073,5.67955,16.65768
7.71677,5.67163,16.67768
7.70467,5.66459,16.69768
7.69248,5.65881,16.71767
7.67732,5.65156,16.73767
7.66484,5.64606,16.75766
7.64960,5.64014,16.77766
7.63609,5.63478,16.79765
7.62266,5.63057,16.81765
7.60599,5.62531,16.83765
7.59148,5.62111,16.85764
7.57483,5.61690,16.87763
7.55968,5.61300,16.89763
7.54468,5.61003,16.91763
7.52702,5.60653,16.93762
7.51116,5.60370,16.95762
7.49360,5.60105,16.97762
7.47659,5.59844,16.99761
7.45973,5.59645,17.01761
7.44135,5.59430,17.03761
7.42442,5.59257,17.05760
7.40620,5.59108,17.07760
7.38837,5.58960,17.09760
7.37069,5.58858,17.11760
7.35157,5.58751,17.13759
7.33317,5.58661,17.15759
7.31410,5.58589,17.17759
7.29556,5.58518,17.19759
7.27714,5.58479,17.21758
7.25749,5.58440,17.23758
7.23802,5.58406,17.25758
7.21833,5.58378,17.27758
7.19833,5.58350,17.29758
7.17834,5.58322,17.31757
7.15842,5.58294,17.33757
7.13860,5.58268,17.35757
7.11870,5.58245,17.37757
7.09854,5.58220,17.39756
7.07837,5.58192,17.41756
7.05844,5.58165,17.43756
7.03862,5.58138,17.45756
7.01872,5.58115,17.47756
6.99873,5.58091,17.49755
6.97873,5.58067,17.51755
6.95866,5.58042,17.53755
6.93849,5.58017,17.55755
6.91839,5.57988,17.57754
6.89856,5.57961,17.59754
6.87874,5.57937,17.61754
6.85868,5.57913,17.63754
6.83851,5.57887,17.65754
6.81841,5.57858,17.67753
6.79858,5.57831,17.69753
6.77875,5.57807,17.71753
6.75870,5.57783,17.73753
6.73853,5.57757,17.75752
6.71843,5.57728,17.77752
6.69843,5.57701,17.79752
6.67844,5.57673,17.81752
6.65579,5.57639,17.83752
6.62952,5.57520,17.85750
6.60595,5.57321,17.87750
6.57379,5.57000,17.89750
6.54119,5.56291,17.91748
6.51486,5.55638,17.93748
6.48238,5.54594,17.95741
6.45648,5.53516,17.97741
6.42584,5.52161,17.99740
6.39626,5.50386,18.01738
6.37301,5.48892,18.03738
6.34488,5.46773,18.05731
6.32364,5.44857,18.07730
6.29934,5.42562,18.09730
6.27750,5.39920,18.11728
6.26076,5.37770,18.13728
6.24166,5.34924,18.15721
6.22808,5.32487,18.17721
6.21207,5.29451,18.19721
6.19991,5.26170,18.21719
6.19116,5.23583,18.23719
6.18253,5.20250,18.25712
6.17778,5.17509,18.27712
6.17306,5.14474,18.29712
6.17141,5.11367,18.31711
6.17058,5.09182,18.33711
6.17009,5.06868,18.35710
6.17004,5.04700,18.37710
6.17000,5.02683,18.39710
6.17000,5.00666,18.41710
6.17000,4.98666,18.43709
6.17000,4.96666,18.45709
6.17000,4.94666,18.47709
6.17000,4.92666,18.49709
6.17000,4.90667,18.51708
6.17000,4.88667,18.53708
6.17000,4.86667,18.55708
6.17000,4.84667,18.57708
6.17000,4.82667,18.59708
6.17000,4.80668,18.61707
6.17000,4.78668,18.63707
6.17000,4.76668,18.65707
6.17000,4.74668,18.67707
6.17000,4.72669,18.69707
6.17000,4.70669,18.71706
6.17000,4.68669,18.73706
6.17000,4.66669,18.75706
6.17000,4.64669,18.77706
6.17000,4.62670,18.79705
6.17000,4.60670,18.81705
6.17000,4.58670,18.83705
6.17000,4.56670,18.85705
6.17000,4.54670,18.87705
6.17000,4.52671,18.89704
6.17000,4.50671,18.91704
6.17000,4.48671,18.93704
6.17000,4.46671,18.95704
6.17000,4.44672,18.97703
6.17000,4.42672,18.99703
6.17000,4.40672,19.01703
6.17000,4.38672,19.03703
6.17000,4.36672,19.05703
6.17000,4.34673,19.07702
6.17000,4.32673,19.09702
6.17000,4.30673,19.11702
6.17000,4.28673,19.13702
6.17000,4.26674,19.15701
6.17000,4.24674,19.17701
6.17000,4.22674,19.19701
6.17000,4.20674,19.21701
6.17000,4.18674,19.23701
6.17000,4.16675,19.25700
6.17000,4.14675,19.27700
6.17000,4.12675,19.29700
6.17000,4.10675,19.31700
6.17000,4.08676,19.33700
6.17000,4.06676,19.35699
6.17000,4.04676,19.37699
6.17000,4.02676,19.39699
6.17000,4.00676,19.41699
6.17000,3.98765,19.43698
6.16982,3.96958,19.45698
6.16940,3.95063,19.47698
6.16913,3.93535,19.49698
6.16792,3.92032,19.51697
6.16659,3.90309,19.53697
6.16504,3.88864,19.55696
6.16263,3.87174,19.57696
6.16059,3.85684,19.59695
6.15761,3.84229,19.61695
6.15428,3.82565,19.63695
6.15110,3.81215,19.65693
6.14662,3.79604,19.67693
6.14294,3.78234,19.69693
6.13825,3.76919,19.71693
6.13263,3.75315,19.73692
6.12760,3.74015,19.75691
6.12094,3.72479,19.77691
6.11599,3.71294,19.79691
6.10996,3.70192,19.81690
6.10231,3.68759,19.83690
6.09597,3.67678,19.85688
6.08719,3.66340,19.87688
6.08056,3.65291,19.89687
6.07296,3.64348,19.91687
6.06331,3.63116,19.93687
6.05594,3.62264,19.95684
6.04523,3.61162,19.97684
6.03838,3.60410,19.99684
6.03063,3.59805,20.01683
6.01919,3.58858,20.03683
6.01139,3.58283,20.05679
5.99909,3.57504,20.07679
5.99084,3.56941,20.09679
5.98205,3.56542,20.11678
5.96892,3.55897,20.13678
5.96036,3.55539,20.15674
5.94673,3.55082,20.17674
5.93792,3.54746,20.19673
5.92893,3.54588,20.21673
5.91444,3.54279,20.23673
5.90487,3.54133,20.25669
5.89032,3.54013,20.27669
5.87705,3.53883,20.29668
5.86388,3.53879,20.31668
5.84448,3.53860,20.33668
5.82536,3.53850,20.35668
5.80582,3.53850,20.37667
5.78582,3.53850,20.39667
5.76582,3.53850,20.41667
5.74582,3.53850,20.43667
5.72582,3.53850,20.45667
5.70583,3.53850,20.47666
5.68583,3.53850,20.49666
5.66583,3.53850,20.51666
5.64583,3.53850,20.53666
5.62583,3.53850,20.55665
5.60584,3.53850,20.57665
5.58584,3.53850,20.59665
5.56584,3.53850,20.61665
5.54584,3.53850,20.63665
5.52585,3.53850,20.65664
5.50585,3.53850,20.67664
5.48585,3.53850,20.69664
5.46585,3.53850,20.71664
5.44585,3.53850,20.73663
5.42586,3.53850,20.75663
5.40586,3.53850,20.77663
5.38586,3.53850,20.79663
5.36586,3.53850,20.81663
5.34587,3.53850,20.83662
5.32587,3.53850,20.85662
5.30587,3.53850,20.87662
5.28587,3.53850,20.89662
5.26587,3.53850,20.91661
5.24588,3.53850,20.93661
5.22588,3.53850,20.95661
5.20588,3.53850,20.97661
5.18588,3.53850,20.99661
5.16589,3.53850,21.01660
5.14589,3.53850,21.03660
5.12589,3.53850,21.05660
5.10589,3.53850,21.07660
5.08589,3.53850,21.09660
5.06590,3.53850,21.11659
5.04590,3.53850,21.13659
5.02590,3.53850,21.15659
5.00590,3.53850,21.17659
4.98590,3.53850,21.19658
4.96591,3.53850,21.21658
4.94591,3.53850,21.23658
4.92591,3.53850,21.25658
4.90591,3.53850,21.27658
4.88592,3.53850,21.29657
4.86592,3.53850,21.31657
4.84592,3.53850,21.33657
4.82592,3.53850,21.35657
4.80592,3.53850,21.37656
4.78593,3.53850,21.39656
4.76593,3.53850,21.41656
4.74626,3.53850,21.43656
4.72696,3.53857,21.45656
4.70734,3.53873,21.47655
4.69040,3.53884,21.49655
4.67357,3.53959,21.51655
4.65541,3.54038,21.53655
4.63914,3.54142,21.55654
4.62116,3.54298,21.57654
4.60497,3.54434,21.59654
4.58898,3.54645,21.61653
4.57142,3.54874,21.63653
4.55624,3.55111,21.65652
4.53900,3.55432,21.67652
4.52408,3.55702,21.69652
4.50950,3.56064,21.71651
4.49271,3.56473,21.73651
4.47873,3.56859,21.75650
4.46241,3.57371,21.77650
4.44864,3.57792,21.79650
4.43538,3.58310,21.81649
4.41964,3.58916,21.83649
4.40703,3.59452,21.85647
4.39195,3.60166,21.87647
4.37947,3.60742,21.89647
4.36768,3.61417,21.91647
4.35304,3.62240,21.93646
4.34149,3.62945,21.95645
4.32770,3.63867,21.97645
4.31607,3.64629,21.99644
4.30527,3.65476,22.01644
4.29195,3.66504,22.03644
4.28146,3.67375,22.05642
4.26909,3.68490,22.07642
4.25836,3.69441,22.09642
4.24851,3.70461,22.11642
4.23649,3.71691,22.13641
4.22675,3.72752,22.15640
4.21566,3.74048,22.17640
4.20583,3.75185,22.19640
4.19684,3.76374,22.21639
4.18602,3.77794,22.23639
4.17678,3.79066,22.25638
4.16674,3.80530,22.27638
4.15774,3.81833,22.29638
4.14950,3.83173,22.31638
4.13963,3.84771,22.33637
4.13054,3.86285,22.35637
4.12112,3.87908,22.37637
4.11225,3.89431,22.39637
4.10385,3.90974,22.41636
4.09438,3.92715,22.43636
4.08495,3.94452,22.45636
4.07549,3.96200,22.47636
4.06605,3.97946,22.49635
4.05664,3.99693,22.51635
4.04765,4.01361,22.53635
4.03939,4.02938,22.55635
4.03088,4.04620,22.57634
4.02208,4.06356,22.59634
4.01340,4.08096,22.61634
4.00449,4.09881,22.63634
3.99561,4.11664,22.65634
3.98671,4.13450,22.67633
3.97811,4.15179,22.69633
3.96965,4.16913,22.71633
3.96115,4.18655,22.73633
3.95304,4.20346,22.75632
3.94481,4.22096,22.77632
3.93634,4.23899,22.79632
3.92788,4.25702,22.81632
3.91941,4.27509,22.83632
3.91095,4.29313,22.85631
3.90249,4.31120,22.87631
3.89450,4.32828,22.89631
3.88675,4.34544,22.91631
3.87863,4.36340,22.93630
3.87068,4.38114,22.95630
3.86268,4.39915,22.97630
3.85456,4.41743,22.99630
3.84644,4.43570,23.01630
3.83835,4.45391,23.03629
3.83032,4.47205,23.05629
3.82227,4.49026,23.07629
3.81464,4.50751,23.09629
3.80726,4.52482,23.11628
3.79946,4.54312,23.13628
3.79170,4.56138,23.15628
3.78393,4.57971,23.17628
3.77609,4.59821,23.19628
3.76823,4.61670,23.21627
3.76042,4.63506,23.23627
3.75264,4.65338,23.25627
3.74485,4.67175,23.27627
3.73749,4.68911,23.29627
3.73037,4.70654,23.31626
3.72280,4.72510,23.33626
3.71516,4.74375,23.35626
3.70754,4.76233,23.37626
3.69998,4.78075,23.39625
3.69244,4.79917,23.41625
3.68489,4.81765,23.43625
3.67735,4.83610,23.45625
3.66980,4.85458,23.47625
3.66253,4.87239,23.49624
3.65542,4.89025,23.51624
3.64806,4.90874,23.53624
3.64075,4.92717,23.55624
3.63342,4.94569,23.57623
3.62598,4.96449,23.59623
3.61849,4.98327,23.61623
3.61112,5.00176,23.63623
3.60382,5.02013,23.65623
3.59651,5.03861,23.67622
3.58935,5.05671,23.69622
3.58231,5.07484,23.71622
3.57507,5.09346,23.73622
3.56783,5.11210,23.75621
3.56059,5.13074,23.77621
3.55335,5.14938,23.79621
3.54611,5.16802,23.81621
3.53887,5.18667,23.83621
3.53163,5.20531,23.85620
3.52439,5.22395,23.87620
3.51731,5.24218,23.89620
3.51032,5.26044,23.91620
3.50320,5.27906,23.93619
3.49610,5.29764,23.95619
3.48900,5.31628,23.97619
3.48188,5.33497,23.99619
3.47475,5.35365,24.01619
3.46760,5.37241,24.03618
3.46041,5.39124,24.05618
3.45322,5.41000,24.07618
3.44617,5.42838,24.09618
3.43920,5.44677,24.11618
3.43215,5.46536,24.13617
3.42517,5.48386,24.15617
3.41817,5.50246,24.17617
3.41108,5.52133,24.19617
3.40395,5.54019,24.21616
3.39687,5.55890,24.23616
3.38980,5.57760,24.25616
3.38272,5.59631,24.27616
3.37570,5.61486,24.29616
3.36872,5.63343,24.31615
3.36168,5.65214,24.33615
3.35464,5.67086,24.35615
3.34760,5.68958,24.37615
3.34057,5.70829,24.39614
3.33353,5.72701,24.41614
3.32649,5.74573,24.43614
3.31945,5.76445,24.45614
3.31241,5.78317,24.47614
3.30529,5.80209,24.49613
3.29813,5.82100,24.51613
3.29105,5.83968,24.53613
3.28399,5.85832,24.55613
3.27693,5.87700,24.57612
3.26991,5.89555,24.59612
3.26292,5.91412,24.61612
3.25585,5.93293,24.63612
3.24871,5.95185,24.65612
3.24158,5.97066,24.67611
3.23446,5.98945,24.69611
3.22731,6.00824,24.71611
3.22019,6.02696,24.73611
3.21305,6.04571,24.75611
3.20592,6.06443,24.77610
3.19880,6.08311,24.79610
3.19167,6.10180,24.81610
3.18452,6.12056,24.83610
3.17733,6.13939,24.85609
3.17014,6.15815,24.87609
3.16290,6.17702,24.89609
3.15562,6.19589,24.91609
3.14839,6.21459,24.93609
3.14114,6.23334,24.95608
3.13390,6.25203,24.97608
3.12670,6.27059,24.99608
3.11953,6.28915,25.01608
3.11224,6.30804,25.03607
3.10478,6.32719,25.05607
3.09734,6.34608,25.07607
3.08990,6.36498,25.09607
3.08239,6.38386,25.11607
3.07499,6.40248,25.13606
3.06756,6.42112,25.15606
3.06014,6.43973,25.17606
3.05270,6.45839,25.19606
3.04524,6.47705,25.21605
3.03770,6.49591,25.23605
3.02995,6.51508,25.25605
3.02224,6.53394,25.27605
3.01455,6.55273,25.29605
3.00678,6.57152,25.31604
2.99911,6.59008,25.33604
2.99139,6.60870,25.35604
2.98368,6.62725,25.37604
2.97581,6.64620,25.39603
2.96781,6.66513,25.41603
2.95990,6.68383,25.43603
2.95180,6.70279,25.45603
2.94375,6.72146,25.47603
2.93568,6.74017,25.49602
2.92752,6.75886,25.51602
2.91937,6.77753,25.53602
2.91098,6.79653,25.55602
2.90264,6.81518,25.57601
2.89404,6.83439,25.59601
2.88519,6.85355,25.61601
2.87678,6.87174,25.63601
2.86838,6.88989,25.65601
2.85999,6.90804,25.67600
2.85080,6.92788,25.69600
2.84116,6.94761,25.71600
2.83217,6.96597,25.73600
2.82295,6.98459,25.75599
2.81380,7.00285,25.77599
2.80451,7.02140,25.79599
2.79504,7.03989,25.81599
2.78528,7.05893,25.83599
2.77449,7.07921,25.85598
2.76399,7.09810,25.87598
2.75387,7.11630,25.89598
2.74356,7.13444,25.91597
2.73306,7.15288,25.93597
2.72162,7.17235,25.95597
2.71050,7.19063,25.97597
2.69963,7.20847,25.99596
2.68857,7.22623,26.01596
2.67749,7.24400,26.03596
2.66567,7.26253,26.05596
2.65411,7.28016,26.07595
2.64274,7.29751,26.09595
2.63121,7.31479,26.11595
2.61948,7.33234,26.13595
2.60681,7.35078,26.15594
2.59451,7.36817,26.17594
2.58241,7.38524,26.19594
2.57010,7.40223,26.21594
2.55772,7.41930,26.23593
2.54443,7.43717,26.25593
2.53152,7.45403,26.27593
2.51812,7.47152,26.29593
2.50427,7.48878,26.31592
2.49104,7.50521,26.33592
2.47691,7.52235,26.35592
2.46319,7.53853,26.37591
2.44856,7.55577,26.39591
2.43336,7.57267,26.41591
2.41870,7.58890,26.43591
2.40237,7.60626,26.45590
2.38687,7.62200,26.47590
2.37049,7.63857,26.49590
2.35342,7.65467,26.51589
2.33726,7.66979,26.53589
2.31913,7.68602,26.55588
2.30208,7.70050,26.57588
2.28296,7.71661,26.59588
2.26287,7.73185,26.61588
2.24457,7.74555,26.63587
2.22349,7.76037,26.65586
2.20412,7.77303,26.67586
2.18126,7.78775,26.69586
2.15711,7.80096,26.71585
2.13599,7.81222,26.73585
2.11087,7.82434,26.75583
2.08851,7.83388,26.77582
2.06117,7.84518,26.79582
2.03249,7.85406,26.81581
2.00850,7.86105,26.83581
1.97943,7.86797,26.85578
1.95448,7.87241,26.87578
1.92470,7.87732,26.89577
1.89419,7.87934,26.91577
1.86969,7.88057,26.93576
1.84078,7.88069,26.95574
1.81602,7.87952,26.97573
1.78791,7.87792,26.99573
1.75972,7.87404,27.01573
1.73710,7.87068,27.03572
1.71201,7.86621,27.05571
1.68958,7.86147,27.07571
1.66697,7.85663,27.09571
1.64444,7.85102,27.11570
1.62129,7.84515,27.13570
1.59440,7.83713,27.15568
1.57146,7.82910,27.17568
1.54119,7.81797,27.19567
1.51203,7.80331,27.21567
1.48994,7.79165,27.23566
1.46440,7.77646,27.25563
1.44355,7.76245,27.27563
1.41965,7.74601,27.29563
1.39709,7.72740,27.31562
1.37890,7.71201,27.33562
1.35859,7.69340,27.35560
1.34164,7.67647,27.37560
1.32324,7.65786,27.39559
1.30593,7.63802,27.41559
1.29084,7.62049,27.43559
1.27442,7.60008,27.45557
1.26051,7.58148,27.47557
1.24496,7.56043,27.49557
1.23067,7.53834,27.51557
1.21836,7.51905,27.53556
1.20520,7.49694,27.55555
1.19410,7.47682,27.57555
1.18202,7.45469,27.59555
1.17108,7.43185,27.61554
1.16137,7.41130,27.63554
1.15117,7.38794,27.65553
1.14268,7.36672,27.67553
1.13343,7.34332,27.69553
1.12541,7.31937,27.71552
1.11835,7.29796,27.73552
1.11115,7.27393,27.75551
1.10529,7.25206,27.77551
1.09884,7.22761,27.79551
1.09370,7.20274,27.81550
1.08927,7.18069,27.83550
1.08499,7.15609,27.85549
1.08177,7.13374,27.87549
1.07827,7.10881,27.89549
1.07609,7.08363,27.91548
1.07427,7.06132,27.93548
1.07289,7.03663,27.95547
1.07224,7.01419,27.97547
1.07161,6.98939,27.99547
1.07222,6.96450,28.01546
1.07287,6.94195,28.03546
1.07427,6.91692,28.05545
1.07620,6.89438,28.07545
1.07841,6.86963,28.09545
1.08186,6.84495,28.11544
1.08504,6.82286,28.13544
1.08916,6.79858,28.15543
1.09349,6.77661,28.17543
1.09840,6.75220,28.19543
1.10454,6.72800,28.21543
1.11016,6.70625,28.23542
1.11705,6.68226,28.25541
1.12390,6.66075,28.27541
1.13167,6.63669,28.29541
1.14075,6.61301,28.31541
1.14888,6.59213,28.33540
1.15846,6.56929,28.35539
1.16771,6.54881,28.37539
1.17706,6.52821,28.39539
1.18700,6.50784,28.41539
1.19644,6.48859,28.43538
1.20684,6.46820,28.45538
1.21692,6.44923,28.47538
1.22748,6.42940,28.49538
1.23859,6.40982,28.51537
1.24879,6.39190,28.53537
1.25938,6.37357,28.55537
1.26981,6.35581,28.57537
1.28111,6.33658,28.59536
1.29291,6.31761,28.61536
1.30369,6.30032,28.63536
1.31473,6.28278,28.65536
1.32565,6.26558,28.67536
1.33704,6.24766,28.69535
1.34869,6.22987,28.71535
1.35989,6.21277,28.73535
1.37142,6.19537,28.75535
1.38280,6.17838,28.77534
1.39436,6.16114,28.79534
1.40607,6.14398,28.81534
1.41752,6.12720,28.83534
1.42921,6.11020,28.85533
1.44080,6.09350,28.87533
1.45233,6.07687,28.89533
1.46391,6.06027,28.91533
1.47546,6.04371,28.93533
1.48716,6.02702,28.95532
1.49878,6.01050,28.97532
1.51044,5.99396,28.99532
1.52213,5.97744,29.01532
1.53376,5.96102,29.03532
1.54549,5.94452,29.05531
1.55716,5.92813,29.07531
1.56885,5.91173,29.09531
1.58056,5.89535,29.11531
1.59216,5.87913,29.13530
1.60369,5.86297,29.15530
1.61525,5.84674,29.17530
1.62686,5.83046,29.19530
1.63846,5.81417,29.21530
1.65000,5.79798,29.23529
1.66144,5.78188,29.25529
1.67293,5.76566,29.27529
1.68435,5.74954,29.29529
1.69572,5.73339,29.31528
1.70723,5.71704,29.33528
1.71875,5.70069,29.35528
1.73026,5.68434,29.37528
1.74142,5.66849,29.39528
1.75246,5.65258,29.41527
1.76380,5.63621,29.43527
1.77511,5.61989,29.45527
1.78643,5.60350,29.47527
1.79718,5.58795,29.49526
1.80771,5.57228,29.51526
1.81886,5.55571,29.53526
1.83002,5.53911,29.55526
1.84117,5.52251,29.57526
1.85172,5.50683,29.59525
1.86206,5.49102,29.61525
1.87292,5.47442,29.63525
1.88367,5.45791,29.65525
1.89448,5.44127,29.67525
1.90478,5.42541,29.69524
1.91486,5.40944,29.71524
1.92532,5.39287,29.73524
1.93551,5.37657,29.75524
1.94582,5.35992,29.77523
1.95582,5.34376,29.79523
1.96562,5.32751,29.81523
1.97566,5.31086,29.83523
1.98531,5.29462,29.85522
1.99512,5.27786,29.87522
2.00470,5.26152,29.89522
2.01406,5.24509,29.91522
2.02358,5.22835,29.93522
2.03260,5.21220,29.95521
2.04182,5.19534,29.97521
2.05086,5.17880,29.99521
2.05968,5.16216,30.01521
2.06860,5.14530,30.03520
2.07692,5.12920,30.05520
2.08545,5.11221,30.07520
2.09384,5.09550,30.09520
2.10197,5.07870,30.11519
2.11021,5.06166,30.13519
2.11777,5.04554,30.15519
2.12553,5.02838,30.17519
2.13316,5.01155,30.19518
2.14046,4.99463,30.21518
2.14787,4.97747,30.23518
2.15450,4.96146,30.25517
2.16134,4.94416,30.27517
2.16789,4.92763,30.29517
2.17398,4.91098,30.31517
2.18045,4.89331,30.33517
2.18630,4.87669,30.35516
2.19225,4.85892,30.37516
2.19758,4.84314,30.39516
2.20221,4.82724,30.41516
2.20750,4.80917,30.43515
2.21226,4.79209,30.45515
2.21707,4.77389,30.47515
2.22120,4.75845,30.49514
2.22451,4.74291,30.51514
2.22848,4.72445,30.53514
2.23203,4.70694,30.55514
2.23554,4.68839,30.57513
2.23851,4.67299,30.59513
2.24060,4.65757,30.61513
2.24323,4.63837,30.63513
2.24570,4.61960,30.65512
2.24811,4.60031,30.67512
2.25016,4.58423,30.69512
2.25143,4.56817,30.71512
2.25299,4.54873,30.73511
2.25443,4.52965,30.75511
2.25580,4.51015,30.77511
2.25699,4.49363,30.79511
2.25747,4.47715,30.81511
2.25805,4.45758,30.83510
2.25856,4.43829,30.85510
2.25899,4.41866,30.87510
2.25939,4.40123,30.89510
2.25925,4.38385,30.91509
2.25909,4.36434,30.93509
2.25885,4.34522,30.95509
2.25850,4.32568,30.97509
2.25819,4.30774,30.99509
2.25743,4.28986,31.01508
2.25661,4.27027,31.03508
2.25573,4.25098,31.05508
2.25474,4.23137,31.07508
2.25385,4.21327,31.09507
2.25255,4.19525,31.11507
2.25113,4.17553,31.13507
2.24968,4.15594,31.15507
2.24817,4.13620,31.17507
2.24677,4.11778,31.19506
2.24504,4.09943,31.21506
2.24320,4.07990,31.23506
2.24131,4.06071,31.25506
2.23931,4.04119,31.27505
2.23738,4.02231,31.29505
2.23522,4.00348,31.31505
2.23298,3.98397,31.33505
2.23071,3.96482,31.35504
2.22832,3.94535,31.37504
2.22594,3.92601,31.39504
2.22345,3.90669,31.41504
2.22094,3.88729,31.43504
2.21841,3.86835,31.45503
2.21571,3.84901,31.47503
2.21300,3.82954,31.49503
2.21021,3.81008,31.51503
2.20743,3.79071,31.53502
2.20463,3.77182,31.55502
2.20166,3.75252,31.57502
2.19861,3.73272,31.59502
2.19558,3.71293,31.61502
2.19259,3.69351,31.63501
2.18960,3.67449,31.65501
2.18646,3.65515,31.67501
2.18325,3.63538,31.69501
2.18005,3.61561,31.71500
2.17690,3.59620,31.73500
2.17375,3.57718,31.75500
2.17045,3.55785,31.77500
2.16709,3.53813,31.79500
2.16374,3.51842,31.81499
2.16038,3.49872,31.83499
2.15702,3.47903,31.85499
2.15366,3.45934,31.87499
2.15032,3.43976,31.89498
2.14694,3.42019,31.91498
2.14355,3.40049,31.93498
2.14015,3.38078,31.95498
2.13675,3.36108,31.97498
2.13335,3.34137,31.99497
2.12996,3.32166,32.01497
2.12655,3.30188,32.03497
2.12314,3.28200,32.05497
2.11976,3.26219,32.07497
2.11635,3.24215,32.09496
2.11301,3.22208,32.11496
2.10971,3.20227,32.13496
2.10642,3.18237,32.15496
2.10316,3.16254,32.17495
2.09986,3.14245,32.19495
2.09664,3.12234,32.21495
2.09343,3.10226,32.23495
2.09024,3.08182,32.25495
2.08718,3.06168,32.27494
2.08413,3.04155,32.29494
2.08115,3.02140,32.31494
2.07816,3.00113,32.33494
2.07521,2.98030,32.35493
2.07245,2.95993,32.37493
2.06972,2.93976,32.39493
2.06707,2.91956,32.41493
2.06437,2.89891,32.43493
2.06174,2.87731,32.45492
2.05944,2.85651,32.47492
2.05716,2.83596,32.49492
2.05505,2.81538,32.51492
2.05290,2.79439,32.53491
2.05089,2.77219,32.55491
2.04928,2.75103,32.57491
2.04764,2.72941,32.59491
2.04640,2.70770,32.61490
2.04523,2.68694,32.63490
2.04421,2.66538,32.65490
2.04341,2.64456,32.67490
2.04255,2.62070,32.69489
2.04266,2.59668,32.71489
2.04284,2.57507,32.73489
2.04341,2.55193,32.75488
2.04436,2.53026,32.77488
2.04542,2.50690,32.79488
2.04733,2.48347,32.81488
2.04919,2.46155,32.83487
2.05173,2.43765,32.85487
2.05459,2.41568,32.87486
2.05762,2.39280,32.89486
2.06141,2.36993,32.91486
2.06496,2.34887,32.93486
2.06905,2.32657,32.95485
2.07324,2.30555,32.97485
2.07780,2.28293,32.99485
2.08312,2.26036,33.01485
2.08815,2.23923,33.03484
2.09402,2.21650,33.05484
2.09992,2.19545,33.07483
2.10646,2.17229,33.09483
2.11403,2.14930,33.11483
2.12107,2.12823,33.13483
2.12934,2.10526,33.15482
2.13746,2.08442,33.17482
2.14655,2.06132,33.19481
2.15686,2.03854,33.21481
2.16636,2.01784,33.23481
2.17770,1.99494,33.25480
2.18854,1.97471,33.27479
2.20112,1.95155,33.29479
2.21528,1.92903,33.31479
2.22774,1.90957,33.33479
2.24255,1.88801,33.35477
2.25642,1.86929,33.37477
2.27203,1.84847,33.39477
2.28901,1.82847,33.41476
2.30424,1.81081,33.43476
2.32235,1.79122,33.45474
2.33901,1.77456,33.47474
2.35749,1.75628,33.49474
2.37719,1.73902,33.51474
2.39437,1.72418,33.53473
2.41402,1.70816,33.55472
2.43216,1.69428,33.57472
2.45185,1.67933,33.59472
2.47237,1.66528,33.61471
2.49046,1.65301,33.63471
2.51032,1.64010,33.65471
2.52899,1.62853,33.67470
2.54853,1.61647,33.69470
2.56853,1.60499,33.71470
2.58680,1.59454,33.73470
2.60606,1.58382,33.75469
2.62460,1.57379,33.77469
2.64285,1.56392,33.79469
2.66121,1.55419,33.81469
2.68021,1.54414,33.83468
2.70082,1.53367,33.85468
2.72032,1.52421,33.87468
2.74216,1.51369,33.89467
2.76457,1.50409,33.91467
2.78492,1.49547,33.93467
2.80736,1.48655,33.95466
2.82819,1.47885,33.97466
2.85085,1.47054,33.99466
2.87396,1.46319,34.01465
2.89488,1.45662,34.03465
2.91774,1.44994,34.05465
2.93902,1.44425,34.07464
2.96188,1.43818,34.09464
2.98508,1.43297,34.11464
3.00613,1.42832,34.13464
3.02871,1.42371,34.15463
3.04997,1.41977,34.17463
3.07265,1.41561,34.19463
3.09555,1.41217,34.21462
3.11684,1.40903,34.23462
3.13966,1.40603,34.25462
3.16112,1.40361,34.27461
3.18388,1.40107,34.29461
3.20680,1.39923,34.31461
3.22821,1.39756,34.33461
3.25113,1.39614,34.35460
3.27269,1.39518,34.37460
3.29538,1.39420,34.39460
3.31818,1.39388,34.41460
3.33958,1.39363,34.43459
3.36237,1.39370,34.45459
3.38385,1.39412,34.47459
3.40656,1.39460,34.49458
3.42934,1.39574,34.51458
3.45071,1.39686,34.53458
3.47346,1.39839,34.55457
3.49488,1.40019,34.57457
3.51734,1.40210,34.59457
3.53983,1.40464,34.61457
3.56108,1.40708,34.63457
3.58371,1.41003,34.65456
3.60498,1.41316,34.67456
3.62748,1.41650,34.69456
3.64997,1.42052,34.71455
3.67105,1.42433,34.73455
3.69346,1.42874,34.75455
3.71450,1.43325,34.77454
3.73697,1.43811,34.79454
3.75938,1.44370,34.81454
3.78034,1.44899,34.83454
3.80276,1.45505,34.85453
3.82360,1.46113,34.87453
3.84685,1.46796,34.89453
3.86990,1.47586,34.91453
3.89208,1.48358,34.93452
3.91742,1.49348,34.95450
3.93925,1.50308,34.97450
3.96317,1.51378,34.99450
3.98657,1.52605,35.01450
4.00667,1.53678,35.03449
4.02880,1.54943,35.05448
4.04832,1.56144,35.07448
4.06901,1.57425,35.09448
4.08921,1.58807,35.11447
4.10708,1.60040,35.13447
4.12609,1.61402,35.15447
4.14355,1.62707,35.17446
4.16164,1.64063,35.19446
4.17942,1.65475,35.21446
4.19596,1.66794,35.23446
4.21319,1.68203,35.25445
4.22942,1.69567,35.27445
4.24582,1.70947,35.29445
4.26204,1.72355,35.31445
4.27756,1.73705,35.33444
4.29340,1.75101,35.35444
4.30877,1.76472,35.37444
4.32431,1.77861,35.39444
4.33975,1.79265,35.41443
4.35459,1.80617,35.43443
4.36945,1.81973,35.45443
4.38427,1.83326,35.47443
4.39895,1.84666,35.49443
4.41365,1.86005,35.51442
4.42834,1.87343,35.53442
4.44295,1.88671,35.55442
4.45767,1.90003,35.57442
4.47179,1.91282,35.59442
4.48603,1.92544,35.61441
4.50055,1.93829,35.63441
4.51467,1.95062,35.65441
4.52932,1.96323,35.67441
4.54348,1.97541,35.69440
4.55779,1.98734,35.71440
4.57254,1.99963,35.73440
4.58676,2.01128,35.75440
4.60168,2.02326,35.77439
4.61548,2.03435,35.79439
4.62951,2.04500,35.81439
4.64431,2.05623,35.83439
4.65811,2.06637,35.85438
4.67318,2.07704,35.87438
4.68699,2.08686,35.89438
4.70108,2.09609,35.91438
4.71633,2.10609,35.93437
4.73026,2.11485,35.95437
4.74579,2.12415,35.97436
4.75962,2.13248,35.99436
4.77371,2.14005,36.01436
4.78939,2.14851,36.03436
4.80330,2.15559,36.05435
4.81926,2.16317,36.07435
4.83319,2.16986,36.09434
4.84734,2.17565,36.11434
4.86334,2.18224,36.13434
4.87695,2.18739,36.15433
4.89314,2.19288,36.17433
4.90667,2.19758,36.19432
4.92033,2.20117,36.21432
4.93734,2.20572,36.23432
4.95220,2.20930,36.25431
4.96932,2.21288,36.27431
4.98675,2.21656,36.29430
5.00419,2.21976,36.31430
5.02270,2.22315,36.33430
5.04012,2.22612,36.35429
5.05865,2.22901,36.37429
5.07620,2.23176,36.39429
5.09376,2.23402,36.41429
5.11237,2.23643,36.43429
5.12978,2.23844,36.45428
5.14836,2.24031,36.47428
5.16592,2.24208,36.49428
5.18343,2.24335,36.51427
5.20206,2.24470,36.53427
5.21938,2.24571,36.55427
5.23795,2.24649,36.57427
5.25574,2.24725,36.59426
5.27347,2.24753,36.61426
5.29232,2.24784,36.63426
5.31005,2.24791,36.65426
5.32882,2.24772,36.67425
5.34662,2.24755,36.69425
5.36433,2.24692,36.71425
5.38326,2.24624,36.73425
5.40115,2.24539,36.75424
5.41999,2.24426,36.77424
5.43809,2.24318,36.79424
5.45608,2.24171,36.81424
5.47521,2.24013,36.83423
5.49355,2.23847,36.85423
5.51260,2.23655,36.87423
5.53116,2.23469,36.89423
5.54964,2.23254,36.91422
5.56880,2.23030,36.93422
5.58725,2.22801,36.95422
5.60632,2.22547,36.97422
5.62530,2.22295,36.99421
5.64421,2.22024,37.01421
5.66340,2.21749,37.03421
5.68192,2.21471,37.05421
5.70100,2.21169,37.07421
5.72012,2.20866,37.09420
5.73919,2.20550,37.11420
5.75856,2.20229,37.13420
5.77754,2.19906,37.15420
5.79684,2.19568,37.17419
5.81605,2.19233,37.19419
5.83522,2.18886,37.21419
5.85455,2.18537,37.23419
5.87350,2.18186,37.25419
5.89277,2.17821,37.27418
5.91209,2.17455,37.29418
5.93139,2.17082,37.31418
5.95086,2.16706,37.33418
5.97015,2.16329,37.35417
5.98958,2.15945,37.37417
6.00901,2.15561,37.39417
6.02842,2.15173,37.41417
6.04794,2.14783,37.43417
6.06738,2.14392,37.45416
6.08689,2.13998,37.47416
6.10617,2.13608,37.49416
6.12542,2.13212,37.51416
6.14490,2.12810,37.53415
6.16428,2.12409,37.55415
6.18374,2.12003,37.57415
6.20336,2.11594,37.59415
6.22297,2.11185,37.61415
6.24253,2.10778,37.63414
6.26207,2.10371,37.65414
6.28163,2.09963,37.67414
6.30108,2.09557,37.69414
6.32052,2.09149,37.71414
6.34007,2.08738,37.73413
6.35960,2.08327,37.75413
6.37915,2.07915,37.77413
6.39888,2.07499,37.79413
6.41862,2.07087,37.81412
6.43798,2.06684,37.83412
6.45704,2.06281,37.85412
6.47632,2.05867,37.87412
6.49317,2.05507,37.89412
6.50977,2.05093,37.91411
6.52883,2.04618,37.93411
6.54773,2.04141,37.95411
6.56684,2.03652,37.97411
6.58213,2.03267,37.99410
6.59700,2.02803,38.01410
6.61538,2.02233,38.03410
6.63328,2.01665,38.05410
6.65166,2.01066,38.07409
6.66962,2.00482,38.09409
6.68746,1.99876,38.11409
6.70514,1.99274,38.13409
6.72137,1.98696,38.15408
6.73868,1.98044,38.17408
6.75690,1.97359,38.19408
6.77506,1.96663,38.21408
6.79331,1.95964,38.23407
6.81107,1.95273,38.25407
6.82919,1.94556,38.27407
6.84646,1.93873,38.29407
6.86355,1.93164,38.31406
6.88183,1.92404,38.33406
6.90001,1.91645,38.35406
6.91830,1.90878,38.37406
6.93603,1.90134,38.39406
6.95366,1.89376,38.41405
6.97158,1.88605,38.43405
6.98898,1.87845,38.45405
7.00675,1.87056,38.47405
7.02496,1.86247,38.49404
7.04317,1.85436,38.51404
7.06123,1.84632,38.53404
7.07905,1.83834,38.55404
7.09703,1.83021,38.57404
7.11458,1.82229,38.59403
7.13202,1.81423,38.61403
7.15004,1.80589,38.63403
7.16797,1.79757,38.65403
7.18599,1.78918,38.67402
7.20432,1.78064,38.69402
7.22268,1.77215,38.71402
7.24051,1.76390,38.73402
7.25792,1.75576,38.75402
7.27561,1.74738,38.77401
7.29348,1.73892,38.79401
7.31132,1.73042,38.81401
7.32946,1.72177,38.83401
7.34773,1.71309,38.85400
7.36592,1.70448,38.87400
7.38366,1.69608,38.89400
7.40134,1.68761,38.91400
7.41936,1.67898,38.93400
7.43740,1.67034,38.95399
7.45544,1.66171,38.97399
7.47334,1.65313,38.99399
7.49122,1.64453,39.01399
7.50929,1.63583,39.03398
7.52746,1.62711,39.05398
7.54558,1.61843,39.07398
7.56341,1.60989,39.09398
7.58122,1.60131,39.11398
7.59931,1.59258,39.13397
7.61755,1.58382,39.15397
7.63570,1.57512,39.17397
7.65374,1.56649,39.19397
7.67177,1.55785,39.21397
7.68981,1.54921,39.23396
7.70784,1.54057,39.25396
7.72588,1.53193,39.27396
7.74425,1.52314,39.29396
7.76268,1.51441,39.31395
7.78077,1.50584,39.33395
7.79884,1.49728,39.35395
7.81692,1.48873,39.37395
7.83513,1.48010,39.39395
7.85336,1.47151,39.41394
7.87146,1.46298,39.43394
7.88955,1.45446,39.45394
7.90764,1.44593,39.47394
7.92640,1.43709,39.49393
7.94527,1.42839,39.51393
7.96350,1.42000,39.53393
7.98174,1.41161,39.55393
7.99995,1.40325,39.57393
8.01792,1.39500,39.59392
8.03586,1.38670,39.61392
8.05429,1.37818,39.63392
8.07311,1.36955,39.65392
8.09169,1.36114,39.67391
8.11058,1.35259,39.69391
8.12958,1.34418,39.71391
8.14785,1.33611,39.73391
8.16598,1.32807,39.75391
8.18418,1.31999,39.77390
8.20265,1.31178,39.79390
8.22116,1.30362,39.81390
8.23999,1.29531,39.83390
8.25949,1.28686,39.85389
8.27855,1.27878,39.87389
8.29730,1.27083,39.89389
8.31611,1.26295,39.91389
8.33450,1.25525,39.93389
8.35280,1.24758,39.95388
8.37115,1.23985,39.97388
8.39026,1.23181,39.99388
8.40948,1.22391,40.01388
8.42854,1.21609,40.03387
8.44826,1.20815,40.05387
8.46753,1.20057,40.07387
8.48648,1.19311,40.09387
8.50548,1.18572,40.11387
8.52414,1.17847,40.13386
8.54278,1.17123,40.15386
8.56142,1.16399,40.17386
8.58173,1.15611,40.19386
8.60228,1.14860,40.21385
8.62156,1.14159,40.23385
8.64128,1.13452,40.25385
8.66063,1.12771,40.27385
8.67964,1.12103,40.29385
8.69868,1.11437,40.31384
8.71793,1.10764,40.33384
8.73768,1.10084,40.35384
8.75709,1.09427,40.37384
8.77822,1.08714,40.39383
8.79965,1.08050,40.41383
8.81905,1.07453,40.43383
8.83854,1.06858,40.45383
8.85789,1.06272,40.47382
8.87698,1.05694,40.49382
8.89607,1.05115,40.51382
8.91700,1.04481,40.53382
8.94031,1.03829,40.55381
8.96196,1.03283,40.57381
8.98166,1.02787,40.59381
9.00141,1.02299,40.61380
9.02093,1.01816,40.63380
9.04055,1.01332,40.65380
9.06009,1.00854,40.67380
9.08378,1.00279,40.69379
9.10795,0.99809,40.71379
9.12841,0.99421,40.73379
9.14932,0.99039,40.75379
9.16972,0.98683,40.77378
9.18939,0.98340,40.79378
9.20906,0.97996,40.81378
9.23164,0.97604,40.83378
9.25793,0.97236,40.85376
9.28144,0.97001,40.87376
9.30233,0.96796,40.89376
9.32329,0.96613,40.91375
9.34428,0.96432,40.93375
9.36650,0.96266,40.95375
9.38773,0.96138,40.97375
9.41397,0.95992,40.99374
9.44062,0.96012,41.01374
9.46129,0.96045,41.03374
9.48198,0.96085,41.05373
9.50236,0.96134,41.07373
9.52699,0.96200,41.09373
9.55183,0.96385,41.11373
9.57674,0.96591,41.13372
9.60707,0.97004,41.15369
9.63246,0.97514,41.17368
9.66399,0.98202,41.19368
9.69515,0.99266,41.21367
9.72048,1.00202,41.23367
9.75147,1.01600,41.25360
9.77571,1.02937,41.27360
9.80398,1.04572,41.29360
9.83063,1.06561,41.31358
9.85129,1.08182,41.33358
9.87546,1.10336,41.35353
9.89411,1.12252,41.37353
9.91502,1.14467,41.39352
9.93393,1.16915,41.41352
9.94868,1.18898,41.43351
9.96500,1.21321,41.45348
9.97784,1.23466,41.47348
9.99177,1.25842,41.49348
10.00403,1.28342,41.51347
10.01420,1.30474,41.53347
10.02500,1.32971,41.55345
10.03354,1.35200,41.57345
10.04250,1.37575,41.59345
10.05021,1.40015,41.61345
10.05681,1.42151,41.63344
10.06351,1.44524,41.65343
10.06903,1.46706,41.67343
10.07498,1.49087,41.69343
10.07982,1.51510,41.71343
10.08398,1.53642,41.73342
10.08805,1.55942,41.75342
10.09142,1.58096,41.77342
10.09501,1.60426,41.79341
10.09774,1.62781,41.81341
10.10014,1.64919,41.83341
10.10236,1.67206,41.85340
10.10405,1.69359,41.87340
10.10580,1.71624,41.89340
10.10690,1.73903,41.91340
10.10787,1.76023,41.93339
10.10861,1.78266,41.95339
10.10900,1.80397,41.97339
10.10937,1.82481,41.99339
10.10955,1.84568,42.01338
10.10971,1.86579,42.03338
10.10985,1.88596,42.05338
10.10997,1.90606,42.07338
10.11009,1.92605,42.09338
10.11021,1.94605,42.11337
10.11033,1.96597,42.13337
10.11047,1.98579,42.15337
10.11063,2.00569,42.17337
10.11079,2.02586,42.19336
10.11091,2.04603,42.21336
10.11103,2.06596,42.23336
10.11117,2.08578,42.25336
10.11133,2.10568,42.27336
10.11149,2.12585,42.29335
10.11161,2.14602,42.31335
10.11173,2.16594,42.33335
10.11187,2.18576,42.35335
10.11203,2.20567,42.37334
10.11219,2.22583,42.39334
10.11231,2.24600,42.41334
10.11243,2.26601,42.43334
10.11255,2.28601,42.45334
10.11267,2.30600,42.47333
10.11279,2.32583,42.49333
10.11295,2.34566,42.51333
10.11311,2.36573,42.53333
10.11325,2.38590,42.55332
10.11337,2.40599,42.57332
10.11349,2.42582,42.59332
10.11365,2.44564,42.61332
10.11381,2.46571,42.63332
10.11395,2.48588,42.65331
10.11407,2.50598,42.67331
10.11419,2.52597,42.69331
10.11431,2.54597,42.71331
10.11443,2.56589,42.73331
10.11457,2.58571,42.75330
10.11473,2.60561,42.77330
10.11489,2.62578,42.79330
10.11501,2.64595,42.81330
10.11513,2.66587,42.83329
10.11527,2.68570,42.85329
10.11543,2.70560,42.87329
10.11559,2.72577,42.89329
10.11571,2.74594,42.91329
10.11583,2.76594,42.93328
10.11595,2.78594,42.95328
10.11607,2.80594,42.97328
10.11619,2.82577,42.99328
10.11635,2.84559,43.01327
10.11651,2.86566,43.03327
10.11665,2.88583,43.05327
10.11677,2.90592,43.07327
10.11689,2.92575,43.09327
10.11705,2.94558,43.11326
10.11721,2.96565,43.13326
10.11735,2.98582,43.15326
10.11747,3.00591,43.17326
10.11759,3.02591,43.19325
10.11771,3.04591,43.21325
10.11783,3.06582,43.23325
10.11797,3.08564,43.25325
10.11813,3.10555,43.27325
10.11829,3.12571,43.29324
10.11841,3.14588,43.31324
10.11853,3.16581,43.33324
10.11867,3.18563,43.35324
10.11883,3.20553,43.37324
10.11899,3.22570,43.39323
10.11911,3.24587,43.41323
10.11923,3.26588,43.43323
10.11935,3.28587,43.45323
10.11947,3.30587,43.47322
10.11959,3.32570,43.49322
10.11975,3.34552,43.51322
10.11991,3.36559,43.53322
10.12005,3.38576,43.55322
10.12017,3.40586,43.57321
10.12029,3.42569,43.59321
10.12045,3.44551,43.61321
10.12061,3.46558,43.63321
10.12075,3.48575,43.65320
10.12087,3.50584,43.67320
10.12099,3.52584,43.69320
10.12111,3.54584,43.71320
10.12123,3.56576,43.73320
10.12137,3.58558,43.75319
10.12153,3.60548,43.77319
10.12169,3.62564,43.79319
10.12181,3.64582,43.81319
10.12193,3.66574,43.83318
10.12207,3.68557,43.85318
10.12223,3.70547,43.87318
10.12239,3.72563,43.89318
10.12251,3.74580,43.91318
10.12263,3.76581,43.93317
10.12275,3.78581,43.95317
10.12287,3.80580,43.97317
10.12299,3.82563,43.99317
10.12315,3.84546,44.01316
10.12331,3.86553,44.03316
10.12345,3.88570,44.05316
10.12357,3.90579,44.07316
10.12369,3.92562,44.09316
10.12385,3.94544,44.11315
10.12401,3.96551,44.13315
10.12415,3.98568,44.15315
10.12427,4.00578,44.17315
10.12439,4.02561,44.19315
10.12455,4.04543,44.21314
10.12471,4.06550,44.23314
10.12485,4.08567,44.25314
10.12497,4.10576,44.27314
10.12509,4.12576,44.29313
10.12521,4.14576,44.31313
10.12533,4.16568,44.33313
10.12547,4.18550,44.35313
10.12563,4.20540,44.37313
10.12579,4.22556,44.39312
10.12591,4.24574,44.41312
10.12603,4.26566,44.43312
10.12617,4.28549,44.45312
10.12633,4.30539,44.47311
10.12649,4.32555,44.49311
10.12661,4.34572,44.51311
10.12673,4.36573,44.53311
10.12685,4.38573,44.55311
10.12697,4.40572,44.57310
10.12709,4.42556,44.59310
10.12725,4.44538,44.61310
10.12741,4.46544,44.63310
10.12755,4.48562,44.65309
10.12767,4.50571,44.67309
10.12779,4.52554,44.69309
10.12795,4.54536,44.71309
10.12811,4.56543,44.73309
10.12825,4.58560,44.75308
10.12837,4.60570,44.77308
10.12849,4.62569,44.79308
10.12861,4.64569,44.81308
10.12873,4.66561,44.83308
10.12887,4.68543,44.85307
10.12903,4.70533,44.87307
10.12919,4.72550,44.89307
10.12931,4.74567,44.91307
10.12943,4.76560,44.93306
10.12957,4.78542,44.95306
10.12973,4.80532,44.97306
10.12989,4.82548,44.99306
10.13001,4.84566,45.01306
10.13013,4.86566,45.03305
10.13025,4.88566,45.05305
10.13037,4.90566,45.07305
10.13049,4.92549,45.09305
10.13065,4.94531,45.11304
10.13081,4.96538,45.13304
10.13095,4.98555,45.15304
10.13107,5.00564,45.17304
10.13119,5.02548,45.19304
10.13135,5.04530,45.21303
10.13151,5.06536,45.23303
10.13165,5.08554,45.25303
10.13177,5.10563,45.27303
10.13189,5.12563,45.29302
10.13201,5.14563,45.31302
10.13213,5.16555,45.33302
10.13227,5.18537,45.35302
10.13243,5.20527,45.37302
10.13259,5.22543,45.39301
10.13271,5.24560,45.41301
10.13283,5.26553,45.43301
10.13297,5.28535,45.45301
10.13313,5.30525,45.47301
10.13329,5.32542,45.49300
10.13341,5.34559,45.51300
10.13353,5.36560,45.53300
10.13365,5.38559,45.55300
10.13377,5.40559,45.57299
10.13389,5.42542,45.59299
10.13405,5.44525,45.61299
10.13421,5.46531,45.63299
10.13435,5.48548,45.65299
10.13447,5.50558,45.67298
10.13459,5.52541,45.69298
10.13475,5.54523,45.71298
10.13491,5.56530,45.73298
10.13505,5.58547,45.75297
10.13517,5.60556,45.77297
10.13529,5.62540,45.79297
10.13544,5.64522,45.81297
10.13561,5.66528,45.83297
10.13575,5.68546,45.85296
10.13587,5.70555,45.87296
10.13599,5.72555,45.89296
10.13611,5.74555,45.91296
10.13623,5.76547,45.93295
10.13637,5.78529,45.95295
10.13652,5.80519,45.97295
10.13669,5.82535,45.99295
10.13681,5.84552,46.01295
10.13693,5.86545,46.03294
10.13707,5.88528,46.05294
10.13722,5.90517,46.07294
10.13739,5.92534,46.09294
10.13751,5.94551,46.11294
10.13763,5.96552,46.13293
10.13775,5.98551,46.15293
10.13787,6.00551,46.17293
10.13799,6.02534,46.19293
10.13814,6.04517,46.21292
10.13831,6.06523,46.23292
10.13845,6.08540,46.25292
10.13857,6.10550,46.27292
10.13869,6.12533,46.29292
10.13884,6.14515,46.31291
10.13900,6.16522,46.33291
10.13915,6.18539,46.35291
10.13927,6.20548,46.37291
10.13939,6.22548,46.39290
10.13951,6.24548,46.41290
10.13963,6.26540,46.43290
10.13976,6.28522,46.45290
10.13992,6.30512,46.47290
10.14009,6.32528,46.49289
10.14021,6.34545,46.51289
10.14033,6.36543,46.53289
10.14046,6.38536,46.55289
10.14059,6.40532,46.57288
10.14073,6.42532,46.59288
10.14086,6.44532,46.61288
